,avg_moves,num_pos_games,reward,x
0,19.083969465648856,0.0,-236.7188,1.0
1,19.23076923076923,0.0,-228.8816,2.0
